pid,label,company,_date,decade,commentary,object_type,source,source_name,order,layout,collection,thumbnail,manifest
obj1,IBM Transitors in Abstract,IBM,1976,70s,,photo,CompAge_EvolIBM_1976,The Computer Age: The Evolution of IBM Computers,0,qatar_item,temp_collection,"/img/derivatives/iiif/images/obj1/full/250,/0/default.jpg",/img/derivatives/iiif/obj1/manifest.json
obj2,People and Gears,,1976,70s,,photo,CompAge_EvolIBM_1977,The Computer Age: The Evolution of IBM Computers,1,qatar_item,temp_collection,"/img/derivatives/iiif/images/obj2/full/250,/0/default.jpg",/img/derivatives/iiif/obj2/manifest.json
obj11,Bendix G15 Page 1,Bendix,1956,50s,,brochure,Bendix_G15_1956_Page_01,,10,qatar_item,temp_collection,"/img/derivatives/iiif/images/obj11/full/250,/0/default.jpg",/img/derivatives/iiif/obj11/manifest.json
obj101,Univac 9400 System Page 17,Sperry Rand Corporation. Univac Data Processing Division,1969,60s,,brochure,univac_9400_1969_Page_17,,100,qatar_item,temp_collection,"/img/derivatives/iiif/images/obj101/full/250,/0/default.jpg",/img/derivatives/iiif/obj101/manifest.json
obj102,Univac 9400 System Page 18,Sperry Rand Corporation. Univac Data Processing Division,1969,60s,,brochure,univac_9400_1969_Page_18,,101,qatar_item,temp_collection,"/img/derivatives/iiif/images/obj102/full/250,/0/default.jpg",/img/derivatives/iiif/obj102/manifest.json
obj103,Univac 9400 System Page 19,Sperry Rand Corporation. Univac Data Processing Division,1969,60s,,brochure,univac_9400_1969_Page_19,,102,qatar_item,temp_collection,"/img/derivatives/iiif/images/obj103/full/250,/0/default.jpg",/img/derivatives/iiif/obj103/manifest.json
obj104,Univac 9400 System Page 20,Sperry Rand Corporation. Univac Data Processing Division,1969,60s,,brochure,univac_9400_1969_Page_20,,103,qatar_item,temp_collection,"/img/derivatives/iiif/images/obj104/full/250,/0/default.jpg",/img/derivatives/iiif/obj104/manifest.json
obj105,Univac 9400 System Page 21,Sperry Rand Corporation. Univac Data Processing Division,1969,60s,,brochure,univac_9400_1969_Page_21,,104,qatar_item,temp_collection,"/img/derivatives/iiif/images/obj105/full/250,/0/default.jpg",/img/derivatives/iiif/obj105/manifest.json
obj106,Univac 9400 System Page 22,Sperry Rand Corporation. Univac Data Processing Division,1969,60s,,brochure,univac_9400_1969_Page_22,,105,qatar_item,temp_collection,"/img/derivatives/iiif/images/obj106/full/250,/0/default.jpg",/img/derivatives/iiif/obj106/manifest.json
obj107,Univac Uniscope 300 Page 3,Sperry Rand Corporation. Univac Data Processing Division,1960,60s,,brochure,univac_uniscope-300_1960_Page_03,,106,qatar_item,temp_collection,"",""
obj108,Univac Uniscope 300 Page 5,Sperry Rand Corporation. Univac Data Processing Division,1960,60s,,brochure,univac_uniscope-300_1960_Page_05,,107,qatar_item,temp_collection,"",""
obj109,Univac Uniscope 300 Page 10,Sperry Rand Corporation. Univac Data Processing Division,1960,60s,,brochure,univac_uniscope-300_1960_Page_10,,108,qatar_item,temp_collection,"",""
obj110,Artist and Computer Book Cover,Harmony Books,1976,70s,,book,ArtistandComputer_HarmonyBooks_1976,,109,qatar_item,temp_collection,"/img/derivatives/iiif/images/obj110/full/250,/0/default.jpg",/img/derivatives/iiif/obj110/manifest.json
obj12,Bendix G15 Page 2,Bendix,1956,50s,,brochure,Bendix_G15_1956_Page_02,,11,qatar_item,temp_collection,"/img/derivatives/iiif/images/obj12/full/250,/0/default.jpg",/img/derivatives/iiif/obj12/manifest.json
obj111,Baking Year 2000,Unknown,1970,70s,,magazine,BakingYear2000_1970,,110,qatar_item,temp_collection,"/img/derivatives/iiif/images/obj111/full/250,/0/default.jpg",/img/derivatives/iiif/obj111/manifest.json
obj112,Computer Architecture Book Cover,Van Nostrand Reinhold Company,1976,70s,,book,computer_architecture_BookCover_1970,,111,qatar_item,temp_collection,"/img/derivatives/iiif/images/obj112/full/250,/0/default.jpg",/img/derivatives/iiif/obj112/manifest.json
obj113,Computer Magazine Cover Nov/Dec 1970,IEEE Computer Group,1970,70s,,magazine,Computermagazine_NovDec1970,,112,qatar_item,temp_collection,"/img/derivatives/iiif/images/obj113/full/250,/0/default.jpg",/img/derivatives/iiif/obj113/manifest.json
obj114,Computers and Automation Magazine Cover,Edmund C. Berkeley and Associates,1968,60s,,magazine,ComputersAndAutomation_magazine_August1968,,113,qatar_item,temp_collection,"/img/derivatives/iiif/images/obj114/full/250,/0/default.jpg",/img/derivatives/iiif/obj114/manifest.json
obj115,ControlData844,NASA Ames Research Center,1980,80s,,photo,ControlData844_diskstorage_NASA_AmesResearchCenter_1980,,114,qatar_item,temp_collection,"/img/derivatives/iiif/images/obj115/full/250,/0/default.jpg",/img/derivatives/iiif/obj115/manifest.json
obj116,DataGay Computerized Introduction Service Advertisement,Unknown,1979,70s,,magazine,DataGay_computerizedIntroServiceAd_1979,,115,qatar_item,temp_collection,"/img/derivatives/iiif/images/obj116/full/250,/0/default.jpg",/img/derivatives/iiif/obj116/manifest.json
obj117,Data General Super Nova brochure ,Data General,1970,70s,,brochure,DataGeneral_NovaSuperNova_brochure_1970,,116,qatar_item,temp_collection,"/img/derivatives/iiif/images/obj117/full/250,/0/default.jpg",/img/derivatives/iiif/obj117/manifest.json
obj118,How it works The Computer Cover,Ladybird books,1971,70s,,brochure,DavidCare_HowItWorks_LadybirdBooks_1971,,117,qatar_item,temp_collection,"/img/derivatives/iiif/images/obj118/full/250,/0/default.jpg",/img/derivatives/iiif/obj118/manifest.json
obj119,The Computers Are Coming! ,The Southwest Radio Church,1980,80s,,pamphlet,DavidF.Webber_TheComputersAreComing_SouthwestRadioChurch_1980,,118,qatar_item,temp_collection,"/img/derivatives/iiif/images/obj119/full/250,/0/default.jpg",/img/derivatives/iiif/obj119/manifest.json
obj120,Future Computers Future World Gallery Book,Unknown,1989,80s,,gallery book,FutureComputers_FutureWorld_galleryBooks_1989,,119,qatar_item,temp_collection,"/img/derivatives/iiif/images/obj120/full/250,/0/default.jpg",/img/derivatives/iiif/obj120/manifest.json
obj13,Bendix G15 Page 3,Bendix,1956,50s,,brochure,Bendix_G15_1956_Page_03,,12,qatar_item,temp_collection,"/img/derivatives/iiif/images/obj13/full/250,/0/default.jpg",/img/derivatives/iiif/obj13/manifest.json
obj121,Terminet300 Data Communication Printer Brochure,General Electric,1971,70s,,brochure,GeneralElectricTermiNet300_DataCommunicationPrinter_Brochure_1971,,120,qatar_item,temp_collection,"/img/derivatives/iiif/images/obj121/full/250,/0/default.jpg",/img/derivatives/iiif/obj121/manifest.json
obj122,IBM 4331 Processor Stock Image,IBM,1979,70s,,brochure,IBM4331_Processor_1979,,121,qatar_item,temp_collection,"/img/derivatives/iiif/images/obj122/full/250,/0/default.jpg",/img/derivatives/iiif/obj122/manifest.json
obj123,Intertec Data Systems Super Brain User Manual,Interec Data Systems,1980,80s,,user manual,IntertecDataSystems_SuperBrain_UsersManual_1980,,122,qatar_item,temp_collection,"/img/derivatives/iiif/images/obj123/full/250,/0/default.jpg",/img/derivatives/iiif/obj123/manifest.json
obj124,Microcomputing Magazine June1980,Kilobaud,1980,80s,,magazine,KilobaudMicrocomputing_magazine_June1980,,123,qatar_item,temp_collection,"/img/derivatives/iiif/images/obj124/full/250,/0/default.jpg",/img/derivatives/iiif/obj124/manifest.json
obj125,Love at the Mainframe,Unknown,Unknown,Unknown,,photo,LoveAtTheMainfraime_DateUnknown,,124,qatar_item,temp_collection,"/img/derivatives/iiif/images/obj125/full/250,/0/default.jpg",/img/derivatives/iiif/obj125/manifest.json
obj126,Man and the Computer,Scribner,1972,70s,,book,manandtheComputer_cookCover_1972,,125,qatar_item,temp_collection,"/img/derivatives/iiif/images/obj126/full/250,/0/default.jpg",/img/derivatives/iiif/obj126/manifest.json
obj127,PDP11 Handbook,DEC,1969,60s,,user manual,PDP11_HANDBOOK_DigitalEquipmentCorporation_1969,,126,qatar_item,temp_collection,"/img/derivatives/iiif/images/obj127/full/250,/0/default.jpg",/img/derivatives/iiif/obj127/manifest.json
obj128,Recreational Computing Volume 8 Number 3 Issue 43,"People's Computer Company of Menlo Park, California",1979,70s,,magazine,RecreationalComputing_NovDec_1979,,127,qatar_item,temp_collection,"/img/derivatives/iiif/images/obj128/full/250,/0/default.jpg",/img/derivatives/iiif/obj128/manifest.json
obj129,Sears Floor Model Computer,,1978,70s,,brochure,Sears_FloorModelComputerPlayset_1978,,128,qatar_item,temp_collection,"/img/derivatives/iiif/images/obj129/full/250,/0/default.jpg",/img/derivatives/iiif/obj129/manifest.json
obj130,Tektronix 4051 Brochure,Tektronix,1976,70s,,brochure,Tektronix_4051peripherals_1976,,129,qatar_item,temp_collection,"/img/derivatives/iiif/images/obj130/full/250,/0/default.jpg",/img/derivatives/iiif/obj130/manifest.json
obj14,Bendix G15 Page 4,Bendix,1956,50s,,brochure,Bendix_G15_1956_Page_04,,13,qatar_item,temp_collection,"/img/derivatives/iiif/images/obj14/full/250,/0/default.jpg",/img/derivatives/iiif/obj14/manifest.json
obj131,Time-Life Books: Roy Lunn The Engineer,Time-Life Books,1975,70s,,book,Time-LifeBooks_RoyLunn_TheEngineer_1975,,130,qatar_item,temp_collection,"/img/derivatives/iiif/images/obj131/full/250,/0/default.jpg",/img/derivatives/iiif/obj131/manifest.json
obj132,The Computer Age: The Evolution of IBM Computers Page 1,IBM,1976,70s,,brochure,CompAge_EvolIBM_1976_Page_01,,131,qatar_item,temp_collection,"/img/derivatives/iiif/images/obj132/full/250,/0/default.jpg",/img/derivatives/iiif/obj132/manifest.json
obj133,The Computer Age: The Evolution of IBM Computers Page 2,IBM,1976,70s,,brochure,CompAge_EvolIBM_1976_Page_02,,132,qatar_item,temp_collection,"/img/derivatives/iiif/images/obj133/full/250,/0/default.jpg",/img/derivatives/iiif/obj133/manifest.json
obj134,The Computer Age: The Evolution of IBM Computers Page 3,IBM,1976,70s,,brochure,CompAge_EvolIBM_1976_Page_03,,133,qatar_item,temp_collection,"/img/derivatives/iiif/images/obj134/full/250,/0/default.jpg",/img/derivatives/iiif/obj134/manifest.json
obj135,The Computer Age: The Evolution of IBM Computers Page 4,IBM,1976,70s,,brochure,CompAge_EvolIBM_1976_Page_04,,134,qatar_item,temp_collection,"/img/derivatives/iiif/images/obj135/full/250,/0/default.jpg",/img/derivatives/iiif/obj135/manifest.json
obj136,The Computer Age: The Evolution of IBM Computers Page 5,IBM,1976,70s,,brochure,CompAge_EvolIBM_1976_Page_05,,135,qatar_item,temp_collection,"/img/derivatives/iiif/images/obj136/full/250,/0/default.jpg",/img/derivatives/iiif/obj136/manifest.json
obj137,The Computer Age: The Evolution of IBM Computers Page 6,IBM,1976,70s,,brochure,CompAge_EvolIBM_1976_Page_06,,136,qatar_item,temp_collection,"/img/derivatives/iiif/images/obj137/full/250,/0/default.jpg",/img/derivatives/iiif/obj137/manifest.json
obj138,The Computer Age: The Evolution of IBM Computers Page 7,IBM,1976,70s,,brochure,CompAge_EvolIBM_1976_Page_07,,137,qatar_item,temp_collection,"/img/derivatives/iiif/images/obj138/full/250,/0/default.jpg",/img/derivatives/iiif/obj138/manifest.json
obj139,The Computer Age: The Evolution of IBM Computers Page 8,IBM,1976,70s,,brochure,CompAge_EvolIBM_1976_Page_08,,138,qatar_item,temp_collection,"/img/derivatives/iiif/images/obj139/full/250,/0/default.jpg",/img/derivatives/iiif/obj139/manifest.json
obj140,The Computer Age: The Evolution of IBM Computers Page 9,IBM,1976,70s,,brochure,CompAge_EvolIBM_1976_Page_09,,139,qatar_item,temp_collection,"/img/derivatives/iiif/images/obj140/full/250,/0/default.jpg",/img/derivatives/iiif/obj140/manifest.json
obj15,Bendix G15 Page 5,Bendix,1956,50s,,brochure,Bendix_G15_1956_Page_05,,14,qatar_item,temp_collection,"/img/derivatives/iiif/images/obj15/full/250,/0/default.jpg",/img/derivatives/iiif/obj15/manifest.json
obj141,The Computer Age: The Evolution of IBM Computers Page 10,IBM,1976,70s,,brochure,CompAge_EvolIBM_1976_Page_10,,140,qatar_item,temp_collection,"/img/derivatives/iiif/images/obj141/full/250,/0/default.jpg",/img/derivatives/iiif/obj141/manifest.json
obj142,The Computer Age: The Evolution of IBM Computers Page 11,IBM,1976,70s,,brochure,CompAge_EvolIBM_1976_Page_11,,141,qatar_item,temp_collection,"/img/derivatives/iiif/images/obj142/full/250,/0/default.jpg",/img/derivatives/iiif/obj142/manifest.json
obj143,The Computer Age: The Evolution of IBM Computers Page 12,IBM,1976,70s,,brochure,CompAge_EvolIBM_1976_Page_12,,142,qatar_item,temp_collection,"/img/derivatives/iiif/images/obj143/full/250,/0/default.jpg",/img/derivatives/iiif/obj143/manifest.json
obj144,The Computer Age: The Evolution of IBM Computers Page 13,IBM,1976,70s,,brochure,CompAge_EvolIBM_1976_Page_13,,143,qatar_item,temp_collection,"/img/derivatives/iiif/images/obj144/full/250,/0/default.jpg",/img/derivatives/iiif/obj144/manifest.json
obj145,The Computer Age: The Evolution of IBM Computers Page 14,IBM,1976,70s,,brochure,CompAge_EvolIBM_1976_Page_14,,144,qatar_item,temp_collection,"/img/derivatives/iiif/images/obj145/full/250,/0/default.jpg",/img/derivatives/iiif/obj145/manifest.json
obj146,The Computer Age: The Evolution of IBM Computers Page 15,IBM,1976,70s,,brochure,CompAge_EvolIBM_1976_Page_15,,145,qatar_item,temp_collection,"/img/derivatives/iiif/images/obj146/full/250,/0/default.jpg",/img/derivatives/iiif/obj146/manifest.json
obj147,The Computer Age: The Evolution of IBM Computers Page 16,IBM,1976,70s,,brochure,CompAge_EvolIBM_1976_Page_16,,146,qatar_item,temp_collection,"/img/derivatives/iiif/images/obj147/full/250,/0/default.jpg",/img/derivatives/iiif/obj147/manifest.json
obj148,The Computer Age: The Evolution of IBM Computers Page 17,IBM,1976,70s,,brochure,CompAge_EvolIBM_1976_Page_17,,147,qatar_item,temp_collection,"/img/derivatives/iiif/images/obj148/full/250,/0/default.jpg",/img/derivatives/iiif/obj148/manifest.json
obj149,The Computer Age: The Evolution of IBM Computers Page 18,IBM,1976,70s,,brochure,CompAge_EvolIBM_1976_Page_18,,148,qatar_item,temp_collection,"/img/derivatives/iiif/images/obj149/full/250,/0/default.jpg",/img/derivatives/iiif/obj149/manifest.json
obj150,The Computer Age: The Evolution of IBM Computers Page 19,IBM,1976,70s,,brochure,CompAge_EvolIBM_1976_Page_19,,149,qatar_item,temp_collection,"/img/derivatives/iiif/images/obj150/full/250,/0/default.jpg",/img/derivatives/iiif/obj150/manifest.json
obj16,Bendix G15 Page 6,Bendix,1956,50s,,brochure,Bendix_G15_1956_Page_06,,15,qatar_item,temp_collection,"/img/derivatives/iiif/images/obj16/full/250,/0/default.jpg",/img/derivatives/iiif/obj16/manifest.json
obj151,The Computer Age: The Evolution of IBM Computers Page 20,IBM,1976,70s,,brochure,CompAge_EvolIBM_1976_Page_20,,150,qatar_item,temp_collection,"/img/derivatives/iiif/images/obj151/full/250,/0/default.jpg",/img/derivatives/iiif/obj151/manifest.json
obj152,The Computer Age: The Evolution of IBM Computers Page 21,IBM,1976,70s,,brochure,CompAge_EvolIBM_1976_Page_21,,151,qatar_item,temp_collection,"/img/derivatives/iiif/images/obj152/full/250,/0/default.jpg",/img/derivatives/iiif/obj152/manifest.json
obj153,The Computer Age: The Evolution of IBM Computers Page 22,IBM,1976,70s,,brochure,CompAge_EvolIBM_1976_Page_22,,152,qatar_item,temp_collection,"/img/derivatives/iiif/images/obj153/full/250,/0/default.jpg",/img/derivatives/iiif/obj153/manifest.json
obj154,The Computer Age: The Evolution of IBM Computers Page 23,IBM,1976,70s,,brochure,CompAge_EvolIBM_1976_Page_23,,153,qatar_item,temp_collection,"/img/derivatives/iiif/images/obj154/full/250,/0/default.jpg",/img/derivatives/iiif/obj154/manifest.json
obj155,The Computer Age: The Evolution of IBM Computers Page 24,IBM,1976,70s,,brochure,CompAge_EvolIBM_1976_Page_24,,154,qatar_item,temp_collection,"/img/derivatives/iiif/images/obj155/full/250,/0/default.jpg",/img/derivatives/iiif/obj155/manifest.json
obj156,The Computer Age: The Evolution of IBM Computers Page 25,IBM,1976,70s,,brochure,CompAge_EvolIBM_1976_Page_25,,155,qatar_item,temp_collection,"/img/derivatives/iiif/images/obj156/full/250,/0/default.jpg",/img/derivatives/iiif/obj156/manifest.json
obj157,The Computer Age: The Evolution of IBM Computers Page 26,IBM,1976,70s,,brochure,CompAge_EvolIBM_1976_Page_26,,156,qatar_item,temp_collection,"/img/derivatives/iiif/images/obj157/full/250,/0/default.jpg",/img/derivatives/iiif/obj157/manifest.json
obj158,The Computer Age: The Evolution of IBM Computers Page 27,IBM,1976,70s,,brochure,CompAge_EvolIBM_1976_Page_27,,157,qatar_item,temp_collection,"/img/derivatives/iiif/images/obj158/full/250,/0/default.jpg",/img/derivatives/iiif/obj158/manifest.json
obj159,The Computer Age: The Evolution of IBM Computers Page 28,IBM,1976,70s,,brochure,CompAge_EvolIBM_1976_Page_28,,158,qatar_item,temp_collection,"/img/derivatives/iiif/images/obj159/full/250,/0/default.jpg",/img/derivatives/iiif/obj159/manifest.json
obj160,Computer Terminal Corporation Data Point 3300 Page 1,Computer Terminal Corporation,1969,60s,,brochure,computerterminalcorporation_datapoint3300_1969_Page_01,,159,qatar_item,temp_collection,"/img/derivatives/iiif/images/obj160/full/250,/0/default.jpg",/img/derivatives/iiif/obj160/manifest.json
obj17,Bendix G15 Page 7,Bendix,1956,50s,,brochure,Bendix_G15_1956_Page_07,,16,qatar_item,temp_collection,"/img/derivatives/iiif/images/obj17/full/250,/0/default.jpg",/img/derivatives/iiif/obj17/manifest.json
obj161,Computer Terminal Corporation Data Point 3300 Page 2,Computer Terminal Corporation,1969,60s,,brochure,computerterminalcorporation_datapoint3300_1969_Page_02,,160,qatar_item,temp_collection,"/img/derivatives/iiif/images/obj161/full/250,/0/default.jpg",/img/derivatives/iiif/obj161/manifest.json
obj162,Computer Terminal Corporation Data Point 3300 Page 3,Computer Terminal Corporation,1969,60s,,brochure,computerterminalcorporation_datapoint3300_1969_Page_03,,161,qatar_item,temp_collection,"/img/derivatives/iiif/images/obj162/full/250,/0/default.jpg",/img/derivatives/iiif/obj162/manifest.json
obj163,Computer Terminal Corporation Data Point 3300 Page 4,Computer Terminal Corporation,1969,60s,,brochure,computerterminalcorporation_datapoint3300_1969_Page_04,,162,qatar_item,temp_collection,"/img/derivatives/iiif/images/obj163/full/250,/0/default.jpg",/img/derivatives/iiif/obj163/manifest.json
obj164,Computer Terminal Corporation Data Point 3300 Page 5,Computer Terminal Corporation,1969,60s,,brochure,computerterminalcorporation_datapoint3300_1969_Page_05,,163,qatar_item,temp_collection,"/img/derivatives/iiif/images/obj164/full/250,/0/default.jpg",/img/derivatives/iiif/obj164/manifest.json
obj165,Computer Terminal Corporation Data Point 3300 Page 6,Computer Terminal Corporation,1969,60s,,brochure,computerterminalcorporation_datapoint3300_1969_Page_06,,164,qatar_item,temp_collection,"/img/derivatives/iiif/images/obj165/full/250,/0/default.jpg",/img/derivatives/iiif/obj165/manifest.json
obj166,Computer Terminal Corporation Data Point 3300 Page 7,Computer Terminal Corporation,1969,60s,,brochure,computerterminalcorporation_datapoint3300_1969_Page_07,,165,qatar_item,temp_collection,"/img/derivatives/iiif/images/obj166/full/250,/0/default.jpg",/img/derivatives/iiif/obj166/manifest.json
obj167,Computer Terminal Corporation Data Point 3300 Page 8,Computer Terminal Corporation,1969,60s,,brochure,computerterminalcorporation_datapoint3300_1969_Page_08,,166,qatar_item,temp_collection,"/img/derivatives/iiif/images/obj167/full/250,/0/default.jpg",/img/derivatives/iiif/obj167/manifest.json
obj168,Computer Terminal Corporation Data Point 3300 Page 9,Computer Terminal Corporation,1969,60s,,brochure,computerterminalcorporation_datapoint3300_1969_Page_09,,167,qatar_item,temp_collection,"/img/derivatives/iiif/images/obj168/full/250,/0/default.jpg",/img/derivatives/iiif/obj168/manifest.json
obj169,Computer Terminal Corporation Data Point 3300 Page 10,Computer Terminal Corporation,1969,60s,,brochure,computerterminalcorporation_datapoint3300_1969_Page_10,,168,qatar_item,temp_collection,"/img/derivatives/iiif/images/obj169/full/250,/0/default.jpg",/img/derivatives/iiif/obj169/manifest.json
obj170,Dedicated Disk HP Page 1,Hewlett Packard,1971,70s,,brochure,DedicatedDisc_HP_1971_Page_01,,169,qatar_item,temp_collection,"/img/derivatives/iiif/images/obj170/full/250,/0/default.jpg",/img/derivatives/iiif/obj170/manifest.json
obj18,Bendix G15 Page 8,Bendix,1956,50s,,brochure,Bendix_G15_1956_Page_08,,17,qatar_item,temp_collection,"/img/derivatives/iiif/images/obj18/full/250,/0/default.jpg",/img/derivatives/iiif/obj18/manifest.json
obj171,Dedicated Disk HP Page 2,Hewlett Packard,1971,70s,,brochure,DedicatedDisc_HP_1971_Page_02,,170,qatar_item,temp_collection,"/img/derivatives/iiif/images/obj171/full/250,/0/default.jpg",/img/derivatives/iiif/obj171/manifest.json
obj172,Dedicated Disk HP Page 3,Hewlett Packard,1971,70s,,brochure,DedicatedDisc_HP_1971_Page_03,,171,qatar_item,temp_collection,"/img/derivatives/iiif/images/obj172/full/250,/0/default.jpg",/img/derivatives/iiif/obj172/manifest.json
obj173,Dedicated Disk HP Page 4,Hewlett Packard,1971,70s,,brochure,DedicatedDisc_HP_1971_Page_04,,172,qatar_item,temp_collection,"/img/derivatives/iiif/images/obj173/full/250,/0/default.jpg",/img/derivatives/iiif/obj173/manifest.json
obj174,Dedicated Disk HP Page 5,Hewlett Packard,1971,70s,,brochure,DedicatedDisc_HP_1971_Page_05,,173,qatar_item,temp_collection,"/img/derivatives/iiif/images/obj174/full/250,/0/default.jpg",/img/derivatives/iiif/obj174/manifest.json
obj175,Dedicated Disk HP Page 6,Hewlett Packard,1971,70s,,brochure,DedicatedDisc_HP_1971_Page_06,,174,qatar_item,temp_collection,"/img/derivatives/iiif/images/obj175/full/250,/0/default.jpg",/img/derivatives/iiif/obj175/manifest.json
obj176,Dedicated Disk HP Page 7,Hewlett Packard,1971,70s,,brochure,DedicatedDisc_HP_1971_Page_07,,175,qatar_item,temp_collection,"/img/derivatives/iiif/images/obj176/full/250,/0/default.jpg",/img/derivatives/iiif/obj176/manifest.json
obj177,Dedicated Disk HP Page 8,Hewlett Packard,1971,70s,,brochure,DedicatedDisc_HP_1971_Page_08,,176,qatar_item,temp_collection,"/img/derivatives/iiif/images/obj177/full/250,/0/default.jpg",/img/derivatives/iiif/obj177/manifest.json
obj178,Dedicated Disk HP Page 9,Hewlett Packard,1971,70s,,brochure,DedicatedDisc_HP_1971_Page_09,,177,qatar_item,temp_collection,"/img/derivatives/iiif/images/obj178/full/250,/0/default.jpg",/img/derivatives/iiif/obj178/manifest.json
obj179,Dedicated Disk HP Page 10,Hewlett Packard,1971,70s,,brochure,DedicatedDisc_HP_1971_Page_10,,178,qatar_item,temp_collection,"/img/derivatives/iiif/images/obj179/full/250,/0/default.jpg",/img/derivatives/iiif/obj179/manifest.json
obj180,Dedicated Disk HP Page 11,Hewlett Packard,1971,70s,,brochure,DedicatedDisc_HP_1971_Page_11,,179,qatar_item,temp_collection,"/img/derivatives/iiif/images/obj180/full/250,/0/default.jpg",/img/derivatives/iiif/obj180/manifest.json
obj19,Bendix G15 Page 9,Bendix,1956,50s,,brochure,Bendix_G15_1956_Page_09,,18,qatar_item,temp_collection,"/img/derivatives/iiif/images/obj19/full/250,/0/default.jpg",/img/derivatives/iiif/obj19/manifest.json
obj181,Dedicated Disk HP Page 12,Hewlett Packard,1971,70s,,brochure,DedicatedDisc_HP_1971_Page_12,,180,qatar_item,temp_collection,"/img/derivatives/iiif/images/obj181/full/250,/0/default.jpg",/img/derivatives/iiif/obj181/manifest.json
obj182,Dedicated Disk HP Page 13,Hewlett Packard,1971,70s,,brochure,DedicatedDisc_HP_1971_Page_13,,181,qatar_item,temp_collection,"/img/derivatives/iiif/images/obj182/full/250,/0/default.jpg",/img/derivatives/iiif/obj182/manifest.json
obj183,Dedicated Disk HP Page 14,Hewlett Packard,1971,70s,,brochure,DedicatedDisc_HP_1971_Page_14,,182,qatar_item,temp_collection,"/img/derivatives/iiif/images/obj183/full/250,/0/default.jpg",/img/derivatives/iiif/obj183/manifest.json
obj184,Dedicated Disk HP Page 15,Hewlett Packard,1971,70s,,brochure,DedicatedDisc_HP_1971_Page_15,,183,qatar_item,temp_collection,"/img/derivatives/iiif/images/obj184/full/250,/0/default.jpg",/img/derivatives/iiif/obj184/manifest.json
obj185,Ferranti Argus Page 1,Ferranti LTD,1961,60s,,brochure,ferranti_argus_1961_Page_01,,184,qatar_item,temp_collection,"/img/derivatives/iiif/images/obj185/full/250,/0/default.jpg",/img/derivatives/iiif/obj185/manifest.json
obj186,Ferranti Argus Page 2,Ferranti LTD,1961,60s,,brochure,ferranti_argus_1961_Page_02,,185,qatar_item,temp_collection,"/img/derivatives/iiif/images/obj186/full/250,/0/default.jpg",/img/derivatives/iiif/obj186/manifest.json
obj187,Ferranti Argus Page 3,Ferranti LTD,1961,60s,,brochure,ferranti_argus_1961_Page_03,,186,qatar_item,temp_collection,"/img/derivatives/iiif/images/obj187/full/250,/0/default.jpg",/img/derivatives/iiif/obj187/manifest.json
obj188,Ferranti Argus Page 4,Ferranti LTD,1961,60s,,brochure,ferranti_argus_1961_Page_04,,187,qatar_item,temp_collection,"/img/derivatives/iiif/images/obj188/full/250,/0/default.jpg",/img/derivatives/iiif/obj188/manifest.json
obj189,Ferranti Argus Page 5,Ferranti LTD,1961,60s,,brochure,ferranti_argus_1961_Page_05,,188,qatar_item,temp_collection,"/img/derivatives/iiif/images/obj189/full/250,/0/default.jpg",/img/derivatives/iiif/obj189/manifest.json
obj190,Ferranti Argus Page 6,Ferranti LTD,1961,60s,,brochure,ferranti_argus_1961_Page_06,,189,qatar_item,temp_collection,"/img/derivatives/iiif/images/obj190/full/250,/0/default.jpg",/img/derivatives/iiif/obj190/manifest.json
obj20,Bendix G15 Page 10,Bendix,1956,50s,,brochure,Bendix_G15_1956_Page_10,,19,qatar_item,temp_collection,"/img/derivatives/iiif/images/obj20/full/250,/0/default.jpg",/img/derivatives/iiif/obj20/manifest.json
obj191,Ferranti Argus Page 7,Ferranti LTD,1961,60s,,brochure,ferranti_argus_1961_Page_07,,190,qatar_item,temp_collection,"/img/derivatives/iiif/images/obj191/full/250,/0/default.jpg",/img/derivatives/iiif/obj191/manifest.json
obj192,Ferranti Argus Page 8,Ferranti LTD,1961,60s,,brochure,ferranti_argus_1961_Page_08,,191,qatar_item,temp_collection,"/img/derivatives/iiif/images/obj192/full/250,/0/default.jpg",/img/derivatives/iiif/obj192/manifest.json
obj193,Ferranti Argus Page 9,Ferranti LTD,1961,60s,,brochure,ferranti_argus_1961_Page_09,,192,qatar_item,temp_collection,"/img/derivatives/iiif/images/obj193/full/250,/0/default.jpg",/img/derivatives/iiif/obj193/manifest.json
obj194,Ferranti Argus Page 10,Ferranti LTD,1961,60s,,brochure,ferranti_argus_1961_Page_10,,193,qatar_item,temp_collection,"/img/derivatives/iiif/images/obj194/full/250,/0/default.jpg",/img/derivatives/iiif/obj194/manifest.json
obj195,Ferranti Argus Page 11,Ferranti LTD,1961,60s,,brochure,ferranti_argus_1961_Page_11,,194,qatar_item,temp_collection,"/img/derivatives/iiif/images/obj195/full/250,/0/default.jpg",/img/derivatives/iiif/obj195/manifest.json
obj196,Ferranti Argus Page 12,Ferranti LTD,1961,60s,,brochure,ferranti_argus_1961_Page_12,,195,qatar_item,temp_collection,"/img/derivatives/iiif/images/obj196/full/250,/0/default.jpg",/img/derivatives/iiif/obj196/manifest.json
obj197,Ferranti Argus Page 13,Ferranti LTD,1961,60s,,brochure,ferranti_argus_1961_Page_13,,196,qatar_item,temp_collection,"/img/derivatives/iiif/images/obj197/full/250,/0/default.jpg",/img/derivatives/iiif/obj197/manifest.json
obj198,Ferranti Argus Page 14,Ferranti LTD,1961,60s,,brochure,ferranti_argus_1961_Page_14,,197,qatar_item,temp_collection,"/img/derivatives/iiif/images/obj198/full/250,/0/default.jpg",/img/derivatives/iiif/obj198/manifest.json
obj199,Ferranti Argus Page 15,Ferranti LTD,1961,60s,,brochure,ferranti_argus_1961_Page_15,,198,qatar_item,temp_collection,"/img/derivatives/iiif/images/obj199/full/250,/0/default.jpg",/img/derivatives/iiif/obj199/manifest.json
obj200,Ferranti Orion Page 1,Ferranti LTD,1960,60s,,brochure,ferranti_orion_1960_Page_01,,199,qatar_item,temp_collection,"/img/derivatives/iiif/images/obj200/full/250,/0/default.jpg",/img/derivatives/iiif/obj200/manifest.json
obj3,Faces Amid Wires,,1976,70s,,photo,CompAge_EvolIBM_1978,The Computer Age: The Evolution of IBM Computers,2,qatar_item,temp_collection,"/img/derivatives/iiif/images/obj3/full/250,/0/default.jpg",/img/derivatives/iiif/obj3/manifest.json
obj21,Bendix G15 Page 11,Bendix,1956,50s,,brochure,Bendix_G15_1956_Page_11,,20,qatar_item,temp_collection,"/img/derivatives/iiif/images/obj21/full/250,/0/default.jpg",/img/derivatives/iiif/obj21/manifest.json
obj201,Ferranti Orion Page 2,Ferranti LTD,1960,60s,,brochure,ferranti_orion_1960_Page_02,,200,qatar_item,temp_collection,"/img/derivatives/iiif/images/obj201/full/250,/0/default.jpg",/img/derivatives/iiif/obj201/manifest.json
obj202,Ferranti Orion Page 3,Ferranti LTD,1960,60s,,brochure,ferranti_orion_1960_Page_03,,201,qatar_item,temp_collection,"/img/derivatives/iiif/images/obj202/full/250,/0/default.jpg",/img/derivatives/iiif/obj202/manifest.json
obj203,Ferranti Orion Page 4,Ferranti LTD,1960,60s,,brochure,ferranti_orion_1960_Page_04,,202,qatar_item,temp_collection,"/img/derivatives/iiif/images/obj203/full/250,/0/default.jpg",/img/derivatives/iiif/obj203/manifest.json
obj204,Ferranti Orion Page 5,Ferranti LTD,1960,60s,,brochure,ferranti_orion_1960_Page_05,,203,qatar_item,temp_collection,"/img/derivatives/iiif/images/obj204/full/250,/0/default.jpg",/img/derivatives/iiif/obj204/manifest.json
obj205,Ferranti Orion Page 6,Ferranti LTD,1960,60s,,brochure,ferranti_orion_1960_Page_06,,204,qatar_item,temp_collection,"/img/derivatives/iiif/images/obj205/full/250,/0/default.jpg",/img/derivatives/iiif/obj205/manifest.json
obj206,Ferranti Orion Page 7,Ferranti LTD,1960,60s,,brochure,ferranti_orion_1960_Page_07,,205,qatar_item,temp_collection,"/img/derivatives/iiif/images/obj206/full/250,/0/default.jpg",/img/derivatives/iiif/obj206/manifest.json
obj207,Ferranti Orion Page 8,Ferranti LTD,1960,60s,,brochure,ferranti_orion_1960_Page_08,,206,qatar_item,temp_collection,"/img/derivatives/iiif/images/obj207/full/250,/0/default.jpg",/img/derivatives/iiif/obj207/manifest.json
obj208,Ferranti Orion Page 9,Ferranti LTD,1960,60s,,brochure,ferranti_orion_1960_Page_09,,207,qatar_item,temp_collection,"/img/derivatives/iiif/images/obj208/full/250,/0/default.jpg",/img/derivatives/iiif/obj208/manifest.json
obj209,Ferranti Orion Page 10,Ferranti LTD,1960,60s,,brochure,ferranti_orion_1960_Page_10,,208,qatar_item,temp_collection,"/img/derivatives/iiif/images/obj209/full/250,/0/default.jpg",/img/derivatives/iiif/obj209/manifest.json
obj210,Ferranti Orion Page 11,Ferranti LTD,1960,60s,,brochure,ferranti_orion_1960_Page_11,,209,qatar_item,temp_collection,"/img/derivatives/iiif/images/obj210/full/250,/0/default.jpg",/img/derivatives/iiif/obj210/manifest.json
obj22,Bendix G15 Page 12,Bendix,1956,50s,,brochure,Bendix_G15_1956_Page_12,,21,qatar_item,temp_collection,"/img/derivatives/iiif/images/obj22/full/250,/0/default.jpg",/img/derivatives/iiif/obj22/manifest.json
obj211,Ferranti Orion Page 12,Ferranti LTD,1960,60s,,brochure,ferranti_orion_1960_Page_12,,210,qatar_item,temp_collection,"/img/derivatives/iiif/images/obj211/full/250,/0/default.jpg",/img/derivatives/iiif/obj211/manifest.json
obj212,Ferranti Orion Page 13,Ferranti LTD,1960,60s,,brochure,ferranti_orion_1960_Page_13,,211,qatar_item,temp_collection,"/img/derivatives/iiif/images/obj212/full/250,/0/default.jpg",/img/derivatives/iiif/obj212/manifest.json
obj213,Ferranti Orion Page 14,Ferranti LTD,1960,60s,,brochure,ferranti_orion_1960_Page_14,,212,qatar_item,temp_collection,"/img/derivatives/iiif/images/obj213/full/250,/0/default.jpg",/img/derivatives/iiif/obj213/manifest.json
obj214,Ferranti Orion Page 15,Ferranti LTD,1960,60s,,brochure,ferranti_orion_1960_Page_15,,213,qatar_item,temp_collection,"/img/derivatives/iiif/images/obj214/full/250,/0/default.jpg",/img/derivatives/iiif/obj214/manifest.json
obj215,Ferranti Orion Page 16,Ferranti LTD,1960,60s,,brochure,ferranti_orion_1960_Page_16,,214,qatar_item,temp_collection,"/img/derivatives/iiif/images/obj215/full/250,/0/default.jpg",/img/derivatives/iiif/obj215/manifest.json
obj216,Ferranti Orion Page 17,Ferranti LTD,1960,60s,,brochure,ferranti_orion_1960_Page_17,,215,qatar_item,temp_collection,"/img/derivatives/iiif/images/obj216/full/250,/0/default.jpg",/img/derivatives/iiif/obj216/manifest.json
obj217,Ferranti Orion Page 18,Ferranti LTD,1960,60s,,brochure,ferranti_orion_1960_Page_18,,216,qatar_item,temp_collection,"/img/derivatives/iiif/images/obj217/full/250,/0/default.jpg",/img/derivatives/iiif/obj217/manifest.json
obj218,Ferranti Orion Page 19,Ferranti LTD,1960,60s,,brochure,ferranti_orion_1960_Page_19,,217,qatar_item,temp_collection,"/img/derivatives/iiif/images/obj218/full/250,/0/default.jpg",/img/derivatives/iiif/obj218/manifest.json
obj219,Ferranti Orion Page 20,Ferranti LTD,1960,60s,,brochure,ferranti_orion_1960_Page_20,,218,qatar_item,temp_collection,"/img/derivatives/iiif/images/obj219/full/250,/0/default.jpg",/img/derivatives/iiif/obj219/manifest.json
obj220,Ferranti Orion Page 21,Ferranti LTD,1960,60s,,brochure,ferranti_orion_1960_Page_21,,219,qatar_item,temp_collection,"/img/derivatives/iiif/images/obj220/full/250,/0/default.jpg",/img/derivatives/iiif/obj220/manifest.json
obj23,Bendix G15 Page 13,Bendix,1956,50s,,brochure,Bendix_G15_1956_Page_13,,22,qatar_item,temp_collection,"/img/derivatives/iiif/images/obj23/full/250,/0/default.jpg",/img/derivatives/iiif/obj23/manifest.json
obj221,Ferranti Orion Page 22,Ferranti LTD,1960,60s,,brochure,ferranti_orion_1960_Page_22,,220,qatar_item,temp_collection,"/img/derivatives/iiif/images/obj221/full/250,/0/default.jpg",/img/derivatives/iiif/obj221/manifest.json
obj222,Ferranti Orion Page 23,Ferranti LTD,1960,60s,,brochure,ferranti_orion_1960_Page_23,,221,qatar_item,temp_collection,"/img/derivatives/iiif/images/obj222/full/250,/0/default.jpg",/img/derivatives/iiif/obj222/manifest.json
obj223,Ferranti Orion Page 24,Ferranti LTD,1960,60s,,brochure,ferranti_orion_1960_Page_24,,222,qatar_item,temp_collection,"/img/derivatives/iiif/images/obj223/full/250,/0/default.jpg",/img/derivatives/iiif/obj223/manifest.json
obj224,H316 General Purpose Digital Computer Page 1,Honeywell,1965,60s,,brochure,H316GenPurpDigComp_1965_Page_01,,223,qatar_item,temp_collection,"/img/derivatives/iiif/images/obj224/full/250,/0/default.jpg",/img/derivatives/iiif/obj224/manifest.json
obj225,H316 General Purpose Digital Computer Page 2,Honeywell,1965,60s,,brochure,H316GenPurpDigComp_1965_Page_02,,224,qatar_item,temp_collection,"/img/derivatives/iiif/images/obj225/full/250,/0/default.jpg",/img/derivatives/iiif/obj225/manifest.json
obj226,H316 General Purpose Digital Computer Page 3,Honeywell,1965,60s,,brochure,H316GenPurpDigComp_1965_Page_03,,225,qatar_item,temp_collection,"/img/derivatives/iiif/images/obj226/full/250,/0/default.jpg",/img/derivatives/iiif/obj226/manifest.json
obj227,H316 General Purpose Digital Computer Page 4,Honeywell,1965,60s,,brochure,H316GenPurpDigComp_1965_Page_04,,226,qatar_item,temp_collection,"/img/derivatives/iiif/images/obj227/full/250,/0/default.jpg",/img/derivatives/iiif/obj227/manifest.json
obj228,H316 General Purpose Digital Computer Page 5,Honeywell,1965,60s,,brochure,H316GenPurpDigComp_1965_Page_05,,227,qatar_item,temp_collection,"/img/derivatives/iiif/images/obj228/full/250,/0/default.jpg",/img/derivatives/iiif/obj228/manifest.json
obj229,H316 General Purpose Digital Computer Page 6,Honeywell,1965,60s,,brochure,H316GenPurpDigComp_1965_Page_06,,228,qatar_item,temp_collection,"/img/derivatives/iiif/images/obj229/full/250,/0/default.jpg",/img/derivatives/iiif/obj229/manifest.json
obj230,H316 General Purpose Digital Computer Page 7,Honeywell,1965,60s,,brochure,H316GenPurpDigComp_1965_Page_07,,229,qatar_item,temp_collection,"/img/derivatives/iiif/images/obj230/full/250,/0/default.jpg",/img/derivatives/iiif/obj230/manifest.json
obj24,Bendix G15 Page 14,Bendix,1956,50s,,brochure,Bendix_G15_1956_Page_14,,23,qatar_item,temp_collection,"/img/derivatives/iiif/images/obj24/full/250,/0/default.jpg",/img/derivatives/iiif/obj24/manifest.json
obj231,H316 General Purpose Digital Computer Page 8,Honeywell,1965,60s,,brochure,H316GenPurpDigComp_1965_Page_08,,230,qatar_item,temp_collection,"/img/derivatives/iiif/images/obj231/full/250,/0/default.jpg",/img/derivatives/iiif/obj231/manifest.json
obj232,H316 General Purpose Digital Computer Page 9,Honeywell,1965,60s,,brochure,H316GenPurpDigComp_1965_Page_09,,231,qatar_item,temp_collection,"/img/derivatives/iiif/images/obj232/full/250,/0/default.jpg",/img/derivatives/iiif/obj232/manifest.json
obj233,H316 General Purpose Digital Computer Page 10,Honeywell,1965,60s,,brochure,H316GenPurpDigComp_1965_Page_10,,232,qatar_item,temp_collection,"/img/derivatives/iiif/images/obj233/full/250,/0/default.jpg",/img/derivatives/iiif/obj233/manifest.json
obj234,H316 General Purpose Digital Computer Page 11,Honeywell,1965,60s,,brochure,H316GenPurpDigComp_1965_Page_11,,233,qatar_item,temp_collection,"/img/derivatives/iiif/images/obj234/full/250,/0/default.jpg",/img/derivatives/iiif/obj234/manifest.json
obj235,H316 General Purpose Digital Computer Page 12,Honeywell,1965,60s,,brochure,H316GenPurpDigComp_1965_Page_12,,234,qatar_item,temp_collection,"/img/derivatives/iiif/images/obj235/full/250,/0/default.jpg",/img/derivatives/iiif/obj235/manifest.json
obj236,H316 General Purpose Digital Computer Page 13,Honeywell,1965,60s,,brochure,H316GenPurpDigComp_1965_Page_13,,235,qatar_item,temp_collection,"/img/derivatives/iiif/images/obj236/full/250,/0/default.jpg",/img/derivatives/iiif/obj236/manifest.json
obj237,H316 General Purpose Digital Computer Page 14,Honeywell,1965,60s,,brochure,H316GenPurpDigComp_1965_Page_14,,236,qatar_item,temp_collection,"/img/derivatives/iiif/images/obj237/full/250,/0/default.jpg",/img/derivatives/iiif/obj237/manifest.json
obj238,H316 General Purpose Digital Computer Page 15,Honeywell,1965,60s,,brochure,H316GenPurpDigComp_1965_Page_15,,237,qatar_item,temp_collection,"/img/derivatives/iiif/images/obj238/full/250,/0/default.jpg",/img/derivatives/iiif/obj238/manifest.json
obj239,H316 General Purpose Digital Computer Page 16,Honeywell,1965,60s,,brochure,H316GenPurpDigComp_1965_Page_16,,238,qatar_item,temp_collection,"/img/derivatives/iiif/images/obj239/full/250,/0/default.jpg",/img/derivatives/iiif/obj239/manifest.json
obj240,H316 General Purpose Digital Computer Page 17,Honeywell,1965,60s,,brochure,H316GenPurpDigComp_1965_Page_17,,239,qatar_item,temp_collection,"/img/derivatives/iiif/images/obj240/full/250,/0/default.jpg",/img/derivatives/iiif/obj240/manifest.json
obj25,Bendix G15 Page 15,Bendix,1956,50s,,brochure,Bendix_G15_1956_Page_15,,24,qatar_item,temp_collection,"/img/derivatives/iiif/images/obj25/full/250,/0/default.jpg",/img/derivatives/iiif/obj25/manifest.json
obj241,H316 General Purpose Digital Computer Page 18,Honeywell,1965,60s,,brochure,H316GenPurpDigComp_1965_Page_18,,240,qatar_item,temp_collection,"/img/derivatives/iiif/images/obj241/full/250,/0/default.jpg",/img/derivatives/iiif/obj241/manifest.json
obj242,H316 General Purpose Digital Computer Page 19,Honeywell,1965,60s,,brochure,H316GenPurpDigComp_1965_Page_19,,241,qatar_item,temp_collection,"/img/derivatives/iiif/images/obj242/full/250,/0/default.jpg",/img/derivatives/iiif/obj242/manifest.json
obj243,H316 General Purpose Digital Computer Page 20,Honeywell,1965,60s,,brochure,H316GenPurpDigComp_1965_Page_20,,242,qatar_item,temp_collection,"/img/derivatives/iiif/images/obj243/full/250,/0/default.jpg",/img/derivatives/iiif/obj243/manifest.json
obj244,H316 General Purpose Digital Computer Page 21,Honeywell,1965,60s,,brochure,H316GenPurpDigComp_1965_Page_21,,243,qatar_item,temp_collection,"/img/derivatives/iiif/images/obj244/full/250,/0/default.jpg",/img/derivatives/iiif/obj244/manifest.json
obj245,H316 General Purpose Digital Computer Page 22,Honeywell,1965,60s,,brochure,H316GenPurpDigComp_1965_Page_22,,244,qatar_item,temp_collection,"/img/derivatives/iiif/images/obj245/full/250,/0/default.jpg",/img/derivatives/iiif/obj245/manifest.json
obj246,H316 General Purpose Digital Computer Page 23,Honeywell,1965,60s,,brochure,H316GenPurpDigComp_1965_Page_23,,245,qatar_item,temp_collection,"/img/derivatives/iiif/images/obj246/full/250,/0/default.jpg",/img/derivatives/iiif/obj246/manifest.json
obj247,H316 General Purpose Digital Computer Page 24,Honeywell,1965,60s,,brochure,H316GenPurpDigComp_1965_Page_24,,246,qatar_item,temp_collection,"/img/derivatives/iiif/images/obj247/full/250,/0/default.jpg",/img/derivatives/iiif/obj247/manifest.json
obj26,Bendix G15 Page 16,Bendix,1956,50s,,brochure,Bendix_G15_1956_Page_16,,25,qatar_item,temp_collection,"/img/derivatives/iiif/images/obj26/full/250,/0/default.jpg",/img/derivatives/iiif/obj26/manifest.json
obj28,How and Why Wonder Book of Electronics Page 1,Transworld Publishers,????,60s,,magazine,6.how-why-electronics_Page_01,,27,qatar_item,temp_collection,"/img/derivatives/iiif/images/obj28/full/250,/0/default.jpg",/img/derivatives/iiif/obj28/manifest.json
obj29,How and Why Wonder Book of Electronics Page 2,Transworld Publishers,????,60s,,magazine,6.how-why-electronics_Page_02,,28,qatar_item,temp_collection,"/img/derivatives/iiif/images/obj29/full/250,/0/default.jpg",/img/derivatives/iiif/obj29/manifest.json
obj30,How and Why Wonder Book of Electronics Page 6,Transworld Publishers,????,60s,,magazine,6.how-why-electronics_Page_06,,29,qatar_item,temp_collection,"/img/derivatives/iiif/images/obj30/full/250,/0/default.jpg",/img/derivatives/iiif/obj30/manifest.json
obj4,Silicon Waifer Moon,,1976,70s,,photo,CompAge_EvolIBM_1978,The Computer Age: The Evolution of IBM Computers,3,qatar_item,temp_collection,"/img/derivatives/iiif/images/obj4/full/250,/0/default.jpg",/img/derivatives/iiif/obj4/manifest.json
obj31,How and Why Wonder Book of Electronics Page 7,Transworld Publishers,????,60s,,magazine,6.how-why-electronics_Page_07,,30,qatar_item,temp_collection,"/img/derivatives/iiif/images/obj31/full/250,/0/default.jpg",/img/derivatives/iiif/obj31/manifest.json
obj32,How and Why Wonder Book of Mathematics Page 1,Transworld Publishers,????,60s,,magazine,How_and_Why Mathematics_Page_01,,31,qatar_item,temp_collection,"/img/derivatives/iiif/images/obj32/full/250,/0/default.jpg",/img/derivatives/iiif/obj32/manifest.json
obj33,How and Why Wonder Book of Electronics Page 37,Transworld Publishers,????,60s,,magazine,How_and_Why Mathematics_Page_37,,32,qatar_item,temp_collection,"/img/derivatives/iiif/images/obj33/full/250,/0/default.jpg",/img/derivatives/iiif/obj33/manifest.json
obj34,How and Why Wonder Book of Electronics Page 38,Transworld Publishers,????,60s,,magazine,How_and_Why Mathematics_Page_38,,33,qatar_item,temp_collection,"/img/derivatives/iiif/images/obj34/full/250,/0/default.jpg",/img/derivatives/iiif/obj34/manifest.json
obj35,How and Why Wonder Book of Electronics Page 39,Transworld Publishers,????,60s,,magazine,How_and_Why Mathematics_Page_39,,34,qatar_item,temp_collection,"/img/derivatives/iiif/images/obj35/full/250,/0/default.jpg",/img/derivatives/iiif/obj35/manifest.json
obj36,How and Why Wonder Book of Robots and Electronic Brains Page 1,Transworld Publishers,????,60s,,magazine,How-and-Why-Wonder-Book-of-Robots-and-Electronic-Brains_Page_01,,35,qatar_item,temp_collection,"/img/derivatives/iiif/images/obj36/full/250,/0/default.jpg",/img/derivatives/iiif/obj36/manifest.json
obj37,How and Why Wonder Book of Robots and Electronic Brains Page 3,Transworld Publishers,????,60s,,magazine,How-and-Why-Wonder-Book-of-Robots-and-Electronic-Brains_Page_03,,36,qatar_item,temp_collection,"/img/derivatives/iiif/images/obj37/full/250,/0/default.jpg",/img/derivatives/iiif/obj37/manifest.json
obj38,How and Why Wonder Book of Robots and Electronic Brains Page 4,Transworld Publishers,????,60s,,magazine,How-and-Why-Wonder-Book-of-Robots-and-Electronic-Brains_Page_10,,37,qatar_item,temp_collection,"/img/derivatives/iiif/images/obj38/full/250,/0/default.jpg",/img/derivatives/iiif/obj38/manifest.json
obj39,How and Why Wonder Book of Robots and Electronic Brains Page 5,Transworld Publishers,????,60s,,magazine,How-and-Why-Wonder-Book-of-Robots-and-Electronic-Brains_Page_11,,38,qatar_item,temp_collection,"/img/derivatives/iiif/images/obj39/full/250,/0/default.jpg",/img/derivatives/iiif/obj39/manifest.json
obj40,How and Why Wonder Book of Robots and Electronic Brains Page 6,Transworld Publishers,????,60s,,magazine,How-and-Why-Wonder-Book-of-Robots-and-Electronic-Brains_Page_12,,39,qatar_item,temp_collection,"/img/derivatives/iiif/images/obj40/full/250,/0/default.jpg",/img/derivatives/iiif/obj40/manifest.json
obj5,Honeywell Blows Your Mind,,1965,60s,,brochure,H316GenPurpDigComp_1965,H316 General Purpose Digital Computer,4,qatar_item,temp_collection,"/img/derivatives/iiif/images/obj5/full/250,/0/default.jpg",/img/derivatives/iiif/obj5/manifest.json
obj41,How and Why Wonder Book of Robots and Electronic Brains Page 7,Transworld Publishers,????,60s,,magazine,How-and-Why-Wonder-Book-of-Robots-and-Electronic-Brains_Page_13,,40,qatar_item,temp_collection,"/img/derivatives/iiif/images/obj41/full/250,/0/default.jpg",/img/derivatives/iiif/obj41/manifest.json
obj42,How and Why Wonder Book of Robots and Electronic Brains Page 8,Transworld Publishers,????,60s,,magazine,How-and-Why-Wonder-Book-of-Robots-and-Electronic-Brains_Page_14,,41,qatar_item,temp_collection,"/img/derivatives/iiif/images/obj42/full/250,/0/default.jpg",/img/derivatives/iiif/obj42/manifest.json
obj43,How and Why Wonder Book of Robots and Electronic Brains Page 9,Transworld Publishers,????,60s,,magazine,How-and-Why-Wonder-Book-of-Robots-and-Electronic-Brains_Page_15,,42,qatar_item,temp_collection,"/img/derivatives/iiif/images/obj43/full/250,/0/default.jpg",/img/derivatives/iiif/obj43/manifest.json
obj44,How and Why Wonder Book of Robots and Electronic Brains Page 10,Transworld Publishers,????,60s,,magazine,How-and-Why-Wonder-Book-of-Robots-and-Electronic-Brains_Page_16,,43,qatar_item,temp_collection,"/img/derivatives/iiif/images/obj44/full/250,/0/default.jpg",/img/derivatives/iiif/obj44/manifest.json
obj45,How and Why Wonder Book of Robots and Electronic Brains Page 11,Transworld Publishers,????,60s,,magazine,How-and-Why-Wonder-Book-of-Robots-and-Electronic-Brains_Page_17,,44,qatar_item,temp_collection,"/img/derivatives/iiif/images/obj45/full/250,/0/default.jpg",/img/derivatives/iiif/obj45/manifest.json
obj46,How and Why Wonder Book of Robots and Electronic Brains Page 12,Transworld Publishers,????,60s,,magazine,How-and-Why-Wonder-Book-of-Robots-and-Electronic-Brains_Page_18,,45,qatar_item,temp_collection,"/img/derivatives/iiif/images/obj46/full/250,/0/default.jpg",/img/derivatives/iiif/obj46/manifest.json
obj47,How and Why Wonder Book of Robots and Electronic Brains Page 13,Transworld Publishers,????,60s,,magazine,How-and-Why-Wonder-Book-of-Robots-and-Electronic-Brains_Page_19,,46,qatar_item,temp_collection,"/img/derivatives/iiif/images/obj47/full/250,/0/default.jpg",/img/derivatives/iiif/obj47/manifest.json
obj48,How and Why Wonder Book of Robots and Electronic Brains Page 14,Transworld Publishers,????,60s,,magazine,How-and-Why-Wonder-Book-of-Robots-and-Electronic-Brains_Page_20,,47,qatar_item,temp_collection,"/img/derivatives/iiif/images/obj48/full/250,/0/default.jpg",/img/derivatives/iiif/obj48/manifest.json
obj49,How and Why Wonder Book of Robots and Electronic Brains Page 15,Transworld Publishers,????,60s,,magazine,How-and-Why-Wonder-Book-of-Robots-and-Electronic-Brains_Page_21,,48,qatar_item,temp_collection,"/img/derivatives/iiif/images/obj49/full/250,/0/default.jpg",/img/derivatives/iiif/obj49/manifest.json
obj50,How and Why Wonder Book of Robots and Electronic Brains Page 16,Transworld Publishers,????,60s,,magazine,How-and-Why-Wonder-Book-of-Robots-and-Electronic-Brains_Page_22,,49,qatar_item,temp_collection,"/img/derivatives/iiif/images/obj50/full/250,/0/default.jpg",/img/derivatives/iiif/obj50/manifest.json
obj6,Pacific Data Systems Love Letter To Women,,1964,60s,,brochure,IntroPDS1020DigComp_1964,Introduction to Pacfici Data Systems 1020 Digital Computer,5,qatar_item,temp_collection,"/img/derivatives/iiif/images/obj6/full/250,/0/default.jpg",/img/derivatives/iiif/obj6/manifest.json
obj51,How and Why Wonder Book of Robots and Electronic Brains Page 17,Transworld Publishers,????,60s,,magazine,How-and-Why-Wonder-Book-of-Robots-and-Electronic-Brains_Page_23,,50,qatar_item,temp_collection,"/img/derivatives/iiif/images/obj51/full/250,/0/default.jpg",/img/derivatives/iiif/obj51/manifest.json
obj52,How and Why Wonder Book of Robots and Electronic Brains Page 18,Transworld Publishers,????,60s,,magazine,How-and-Why-Wonder-Book-of-Robots-and-Electronic-Brains_Page_24,,51,qatar_item,temp_collection,"/img/derivatives/iiif/images/obj52/full/250,/0/default.jpg",/img/derivatives/iiif/obj52/manifest.json
obj53,How and Why Wonder Book of Robots and Electronic Brains Page 19,Transworld Publishers,????,60s,,magazine,How-and-Why-Wonder-Book-of-Robots-and-Electronic-Brains_Page_25,,52,qatar_item,temp_collection,"/img/derivatives/iiif/images/obj53/full/250,/0/default.jpg",/img/derivatives/iiif/obj53/manifest.json
obj54,How and Why Wonder Book of Robots and Electronic Brains Page 20,Transworld Publishers,????,60s,,magazine,How-and-Why-Wonder-Book-of-Robots-and-Electronic-Brains_Page_26,,53,qatar_item,temp_collection,"/img/derivatives/iiif/images/obj54/full/250,/0/default.jpg",/img/derivatives/iiif/obj54/manifest.json
obj55,How and Why Wonder Book of Robots and Electronic Brains Page 21,Transworld Publishers,????,60s,,magazine,How-and-Why-Wonder-Book-of-Robots-and-Electronic-Brains_Page_27,,54,qatar_item,temp_collection,"/img/derivatives/iiif/images/obj55/full/250,/0/default.jpg",/img/derivatives/iiif/obj55/manifest.json
obj56,How and Why Wonder Book of Robots and Electronic Brains Page 22,Transworld Publishers,????,60s,,magazine,How-and-Why-Wonder-Book-of-Robots-and-Electronic-Brains_Page_28,,55,qatar_item,temp_collection,"/img/derivatives/iiif/images/obj56/full/250,/0/default.jpg",/img/derivatives/iiif/obj56/manifest.json
obj57,How and Why Wonder Book of Robots and Electronic Brains Page 23,Transworld Publishers,????,60s,,magazine,How-and-Why-Wonder-Book-of-Robots-and-Electronic-Brains_Page_29,,56,qatar_item,temp_collection,"/img/derivatives/iiif/images/obj57/full/250,/0/default.jpg",/img/derivatives/iiif/obj57/manifest.json
obj58,How and Why Wonder Book of Robots and Electronic Brains Page 24,Transworld Publishers,????,60s,,magazine,How-and-Why-Wonder-Book-of-Robots-and-Electronic-Brains_Page_30,,57,qatar_item,temp_collection,"/img/derivatives/iiif/images/obj58/full/250,/0/default.jpg",/img/derivatives/iiif/obj58/manifest.json
obj59,How and Why Wonder Book of Robots and Electronic Brains Page 25,Transworld Publishers,????,60s,,magazine,How-and-Why-Wonder-Book-of-Robots-and-Electronic-Brains_Page_31,,58,qatar_item,temp_collection,"/img/derivatives/iiif/images/obj59/full/250,/0/default.jpg",/img/derivatives/iiif/obj59/manifest.json
obj60,How and Why Wonder Book of Robots and Electronic Brains Page 26,Transworld Publishers,????,60s,,magazine,How-and-Why-Wonder-Book-of-Robots-and-Electronic-Brains_Page_32,,59,qatar_item,temp_collection,"/img/derivatives/iiif/images/obj60/full/250,/0/default.jpg",/img/derivatives/iiif/obj60/manifest.json
obj7,IBM Computer Elbow Room,IBM,1971,70s,,ad,IBM_ComElbowRoom_1971,,6,qatar_item,temp_collection,"/img/derivatives/iiif/images/obj7/full/250,/0/default.jpg",/img/derivatives/iiif/obj7/manifest.json
obj61,How and Why Wonder Book of Robots and Electronic Brains Page 27,Transworld Publishers,????,60s,,magazine,How-and-Why-Wonder-Book-of-Robots-and-Electronic-Brains_Page_33,,60,qatar_item,temp_collection,"/img/derivatives/iiif/images/obj61/full/250,/0/default.jpg",/img/derivatives/iiif/obj61/manifest.json
obj62,How and Why Wonder Book of Robots and Electronic Brains Page 28,Transworld Publishers,????,60s,,magazine,How-and-Why-Wonder-Book-of-Robots-and-Electronic-Brains_Page_34,,61,qatar_item,temp_collection,"/img/derivatives/iiif/images/obj62/full/250,/0/default.jpg",/img/derivatives/iiif/obj62/manifest.json
obj63,How and Why Wonder Book of Robots and Electronic Brains Page 29,Transworld Publishers,????,60s,,magazine,How-and-Why-Wonder-Book-of-Robots-and-Electronic-Brains_Page_35,,62,qatar_item,temp_collection,"/img/derivatives/iiif/images/obj63/full/250,/0/default.jpg",/img/derivatives/iiif/obj63/manifest.json
obj64,How and Why Wonder Book of Robots and Electronic Brains Page 30,Transworld Publishers,????,60s,,magazine,How-and-Why-Wonder-Book-of-Robots-and-Electronic-Brains_Page_36,,63,qatar_item,temp_collection,"/img/derivatives/iiif/images/obj64/full/250,/0/default.jpg",/img/derivatives/iiif/obj64/manifest.json
obj65,How and Why Wonder Book of Robots and Electronic Brains Page 31,Transworld Publishers,????,60s,,magazine,How-and-Why-Wonder-Book-of-Robots-and-Electronic-Brains_Page_37,,64,qatar_item,temp_collection,"/img/derivatives/iiif/images/obj65/full/250,/0/default.jpg",/img/derivatives/iiif/obj65/manifest.json
obj66,How and Why Wonder Book of Robots and Electronic Brains Page 32,Transworld Publishers,????,60s,,magazine,How-and-Why-Wonder-Book-of-Robots-and-Electronic-Brains_Page_38,,65,qatar_item,temp_collection,"/img/derivatives/iiif/images/obj66/full/250,/0/default.jpg",/img/derivatives/iiif/obj66/manifest.json
obj67,How and Why Wonder Book of Robots and Electronic Brains Page 33,Transworld Publishers,????,60s,,magazine,How-and-Why-Wonder-Book-of-Robots-and-Electronic-Brains_Page_39,,66,qatar_item,temp_collection,"/img/derivatives/iiif/images/obj67/full/250,/0/default.jpg",/img/derivatives/iiif/obj67/manifest.json
obj68,How and Why Wonder Book of Robots and Electronic Brains Page 34,Transworld Publishers,????,60s,,magazine,How-and-Why-Wonder-Book-of-Robots-and-Electronic-Brains_Page_40,,67,qatar_item,temp_collection,"/img/derivatives/iiif/images/obj68/full/250,/0/default.jpg",/img/derivatives/iiif/obj68/manifest.json
obj69,How and Why Wonder Book of Robots and Electronic Brains Page 35,Transworld Publishers,????,60s,,magazine,How-and-Why-Wonder-Book-of-Robots-and-Electronic-Brains_Page_41,,68,qatar_item,temp_collection,"/img/derivatives/iiif/images/obj69/full/250,/0/default.jpg",/img/derivatives/iiif/obj69/manifest.json
obj70,How and Why Wonder Book of Robots and Electronic Brains Page 36,Transworld Publishers,????,60s,,magazine,How-and-Why-Wonder-Book-of-Robots-and-Electronic-Brains_Page_42,,69,qatar_item,temp_collection,"/img/derivatives/iiif/images/obj70/full/250,/0/default.jpg",/img/derivatives/iiif/obj70/manifest.json
obj8,IBM Customer Executive Program,IBM,1987,70s,,ad,IBM_Customer_Executive_Program_Port_1978,,7,qatar_item,temp_collection,"/img/derivatives/iiif/images/obj8/full/250,/0/default.jpg",/img/derivatives/iiif/obj8/manifest.json
obj71,How and Why Wonder Book of Robots and Electronic Brains Page 37,Transworld Publishers,????,60s,,magazine,How-and-Why-Wonder-Book-of-Robots-and-Electronic-Brains_Page_43,,70,qatar_item,temp_collection,"/img/derivatives/iiif/images/obj71/full/250,/0/default.jpg",/img/derivatives/iiif/obj71/manifest.json
obj72,How and Why Wonder Book of Robots and Electronic Brains Page 38,Transworld Publishers,????,60s,,magazine,How-and-Why-Wonder-Book-of-Robots-and-Electronic-Brains_Page_44,,71,qatar_item,temp_collection,"/img/derivatives/iiif/images/obj72/full/250,/0/default.jpg",/img/derivatives/iiif/obj72/manifest.json
obj73,How and Why Wonder Book of Robots and Electronic Brains Page 39,Transworld Publishers,????,60s,,magazine,How-and-Why-Wonder-Book-of-Robots-and-Electronic-Brains_Page_45,,72,qatar_item,temp_collection,"/img/derivatives/iiif/images/obj73/full/250,/0/default.jpg",/img/derivatives/iiif/obj73/manifest.json
obj74,How and Why Wonder Book of Robots and Electronic Brains Page 40,Transworld Publishers,????,60s,,magazine,How-and-Why-Wonder-Book-of-Robots-and-Electronic-Brains_Page_46,,73,qatar_item,temp_collection,"/img/derivatives/iiif/images/obj74/full/250,/0/default.jpg",/img/derivatives/iiif/obj74/manifest.json
obj75,How and Why Wonder Book of Robots and Electronic Brains Page 41,Transworld Publishers,????,60s,,magazine,How-and-Why-Wonder-Book-of-Robots-and-Electronic-Brains_Page_47,,74,qatar_item,temp_collection,"/img/derivatives/iiif/images/obj75/full/250,/0/default.jpg",/img/derivatives/iiif/obj75/manifest.json
obj76,How and Why Wonder Book of Robots and Electronic Brains Page 42,Transworld Publishers,????,60s,,magazine,How-and-Why-Wonder-Book-of-Robots-and-Electronic-Brains_Page_48,,75,qatar_item,temp_collection,"/img/derivatives/iiif/images/obj76/full/250,/0/default.jpg",/img/derivatives/iiif/obj76/manifest.json
obj77,How and Why Wonder Book of Robots and Electronic Brains Page 43,Transworld Publishers,????,60s,,magazine,How-and-Why-Wonder-Book-of-Robots-and-Electronic-Brains_Page_49,,76,qatar_item,temp_collection,"/img/derivatives/iiif/images/obj77/full/250,/0/default.jpg",/img/derivatives/iiif/obj77/manifest.json
obj78,How and Why Wonder Book of Robots and Electronic Brains Page 44,Transworld Publishers,????,60s,,magazine,How-and-Why-Wonder-Book-of-Robots-and-Electronic-Brains_Page_50,,77,qatar_item,temp_collection,"/img/derivatives/iiif/images/obj78/full/250,/0/default.jpg",/img/derivatives/iiif/obj78/manifest.json
obj79,IBM Eleltric Model B Brochure Page 1,IBM,1955,50s,,brochure,IBM _Electric_ModelB_brochure_1955_Page_1,,78,qatar_item,temp_collection,"/img/derivatives/iiif/images/obj79/full/250,/0/default.jpg",/img/derivatives/iiif/obj79/manifest.json
obj80,IBM Eleltric Model B Brochure Page 2,IBM,1955,50s,,brochure,IBM _Electric_ModelB_brochure_1955_Page_2,,79,qatar_item,temp_collection,"/img/derivatives/iiif/images/obj80/full/250,/0/default.jpg",/img/derivatives/iiif/obj80/manifest.json
obj9,IBM There Was a Time,IBM,1982,80s,,ad,IBM_ThereWasATime_1982,,8,qatar_item,temp_collection,"/img/derivatives/iiif/images/obj9/full/250,/0/default.jpg",/img/derivatives/iiif/obj9/manifest.json
obj81,IBM Eleltric Model B Brochure Page 3,IBM,1955,50s,,brochure,IBM _Electric_ModelB_brochure_1955_Page_3,,80,qatar_item,temp_collection,"/img/derivatives/iiif/images/obj81/full/250,/0/default.jpg",/img/derivatives/iiif/obj81/manifest.json
obj82,IBM Eleltric Model B Brochure Page 4,IBM,1955,50s,,brochure,IBM _Electric_ModelB_brochure_1955_Page_4,,81,qatar_item,temp_collection,"/img/derivatives/iiif/images/obj82/full/250,/0/default.jpg",/img/derivatives/iiif/obj82/manifest.json
obj83,Collage IBM San Jose Plant,Online Archives California (University of California),1959,50s,,photo,CollageIBMSanJosePlant_1959,,82,qatar_item,temp_collection,"/img/derivatives/iiif/images/obj83/full/250,/0/default.jpg",/img/derivatives/iiif/obj83/manifest.json
obj84,IBM Card Reader,Online Archives California (University of California),,,,photo,IBMCardReader,,83,qatar_item,temp_collection,"/img/derivatives/iiif/images/obj84/full/250,/0/default.jpg",/img/derivatives/iiif/obj84/manifest.json
obj85,Univac 9400 System Page 1,Sperry Rand Corporation. Univac Data Processing Division,1969,60s,,brochure,univac_9400_1969_Page_01,,84,qatar_item,temp_collection,"/img/derivatives/iiif/images/obj85/full/250,/0/default.jpg",/img/derivatives/iiif/obj85/manifest.json
obj86,Univac 9400 System Page 2,Sperry Rand Corporation. Univac Data Processing Division,1969,60s,,brochure,univac_9400_1969_Page_02,,85,qatar_item,temp_collection,"/img/derivatives/iiif/images/obj86/full/250,/0/default.jpg",/img/derivatives/iiif/obj86/manifest.json
obj87,Univac 9400 System Page 3,Sperry Rand Corporation. Univac Data Processing Division,1969,60s,,brochure,univac_9400_1969_Page_03,,86,qatar_item,temp_collection,"/img/derivatives/iiif/images/obj87/full/250,/0/default.jpg",/img/derivatives/iiif/obj87/manifest.json
obj88,Univac 9400 System Page 4,Sperry Rand Corporation. Univac Data Processing Division,1969,60s,,brochure,univac_9400_1969_Page_04,,87,qatar_item,temp_collection,"/img/derivatives/iiif/images/obj88/full/250,/0/default.jpg",/img/derivatives/iiif/obj88/manifest.json
obj89,Univac 9400 System Page 5,Sperry Rand Corporation. Univac Data Processing Division,1969,60s,,brochure,univac_9400_1969_Page_05,,88,qatar_item,temp_collection,"/img/derivatives/iiif/images/obj89/full/250,/0/default.jpg",/img/derivatives/iiif/obj89/manifest.json
obj90,Univac 9400 System Page 6,Sperry Rand Corporation. Univac Data Processing Division,1969,60s,,brochure,univac_9400_1969_Page_06,,89,qatar_item,temp_collection,"/img/derivatives/iiif/images/obj90/full/250,/0/default.jpg",/img/derivatives/iiif/obj90/manifest.json
obj10,Someday Computers Will Talk,Madison and Wall,1971,70s,,brochure,SomedayCompTalk_brochure_MadisonandWall_1971,,9,qatar_item,temp_collection,"/img/derivatives/iiif/images/obj10/full/250,/0/default.jpg",/img/derivatives/iiif/obj10/manifest.json
obj91,Univac 9400 System Page 7,Sperry Rand Corporation. Univac Data Processing Division,1969,60s,,brochure,univac_9400_1969_Page_07,,90,qatar_item,temp_collection,"/img/derivatives/iiif/images/obj91/full/250,/0/default.jpg",/img/derivatives/iiif/obj91/manifest.json
obj92,Univac 9400 System Page 8,Sperry Rand Corporation. Univac Data Processing Division,1969,60s,,brochure,univac_9400_1969_Page_08,,91,qatar_item,temp_collection,"/img/derivatives/iiif/images/obj92/full/250,/0/default.jpg",/img/derivatives/iiif/obj92/manifest.json
obj93,Univac 9400 System Page 9,Sperry Rand Corporation. Univac Data Processing Division,1969,60s,,brochure,univac_9400_1969_Page_09,,92,qatar_item,temp_collection,"/img/derivatives/iiif/images/obj93/full/250,/0/default.jpg",/img/derivatives/iiif/obj93/manifest.json
obj94,Univac 9400 System Page 10,Sperry Rand Corporation. Univac Data Processing Division,1969,60s,,brochure,univac_9400_1969_Page_10,,93,qatar_item,temp_collection,"/img/derivatives/iiif/images/obj94/full/250,/0/default.jpg",/img/derivatives/iiif/obj94/manifest.json
obj95,Univac 9400 System Page 11,Sperry Rand Corporation. Univac Data Processing Division,1969,60s,,brochure,univac_9400_1969_Page_11,,94,qatar_item,temp_collection,"/img/derivatives/iiif/images/obj95/full/250,/0/default.jpg",/img/derivatives/iiif/obj95/manifest.json
obj96,Univac 9400 System Page 12,Sperry Rand Corporation. Univac Data Processing Division,1969,60s,,brochure,univac_9400_1969_Page_12,,95,qatar_item,temp_collection,"/img/derivatives/iiif/images/obj96/full/250,/0/default.jpg",/img/derivatives/iiif/obj96/manifest.json
obj97,Univac 9400 System Page 13,Sperry Rand Corporation. Univac Data Processing Division,1969,60s,,brochure,univac_9400_1969_Page_13,,96,qatar_item,temp_collection,"/img/derivatives/iiif/images/obj97/full/250,/0/default.jpg",/img/derivatives/iiif/obj97/manifest.json
obj98,Univac 9400 System Page 14,Sperry Rand Corporation. Univac Data Processing Division,1969,60s,,brochure,univac_9400_1969_Page_14,,97,qatar_item,temp_collection,"/img/derivatives/iiif/images/obj98/full/250,/0/default.jpg",/img/derivatives/iiif/obj98/manifest.json
obj99,Univac 9400 System Page 15,Sperry Rand Corporation. Univac Data Processing Division,1969,60s,,brochure,univac_9400_1969_Page_15,,98,qatar_item,temp_collection,"/img/derivatives/iiif/images/obj99/full/250,/0/default.jpg",/img/derivatives/iiif/obj99/manifest.json
obj100,Univac 9400 System Page 16,Sperry Rand Corporation. Univac Data Processing Division,1969,60s,,brochure,univac_9400_1969_Page_16,,99,qatar_item,temp_collection,"/img/derivatives/iiif/images/obj100/full/250,/0/default.jpg",/img/derivatives/iiif/obj100/manifest.json
